氏名,カナ氏名,誕生日,メールアドレス,電話番号,作成日,担当者,住所,郵便番号
大阪太郎,オオサカタロウ,1992-01-06,osaka@example.com,08011112222,2022-07-28 00:31:09.732000+00:00,管理者ユーザユーザ01,京都府京都市東山区清水1-294,6050862
京都二郎,キョウトジロウ,1994-01-06,kyoto@example.com,08022223333,2022-07-28 00:31:09.732000+00:00,一般ユーザ01,京都府京都市東山区北区金閣寺町1,6038361
兵庫三郎,ヒョウゴサブロウ,1995-03-06,hyogo@example.com,08033334444,2022-07-28 00:31:09.732000+00:00,管理者ユーザユーザ01,京都府京都市東山区左京区銀閣寺町2,6068402
お客様テスト,オキャクサマテスト,1995-09-08,customer@example.com,08011112222,2023-12-17 00:33:52.103626+00:00,管理者ユーザユーザ01,京都府京都市中京区,9359295
お客様テスト,オキャクサマテスト,1995-09-08,customer@example.com,08011112222,2023-12-17 00:33:55.909503+00:00,管理者ユーザユーザ01,京都府京都市中京区,9359295
お客様テスト,オキャクサマテスト,1995-09-08,customer@example.com,08011112222,2023-12-17 00:33:56.059717+00:00,管理者ユーザユーザ01,京都府京都市中京区,9359295
お客様テスト,オキャクサマテスト,1995-09-08,customer@example.com,08011112222,2023-12-17 00:33:56.289387+00:00,管理者ユーザユーザ01,京都府京都市中京区,9359295
お客様テスト,オキャクサマテスト,1995-09-08,customer@example.com,08011112222,2023-12-17 00:33:56.434692+00:00,管理者ユーザユーザ01,京都府京都市中京区,9359295
お客様テスト,オキャクサマテスト,1995-09-08,customer@example.com,08011112222,2023-12-17 00:33:56.666562+00:00,管理者ユーザユーザ01,京都府京都市中京区,9359295
お客様テスト,オキャクサマテスト,1995-09-08,customer@example.com,08011112222,2023-12-17 00:33:56.803525+00:00,管理者ユーザユーザ01,京都府京都市中京区,9359295
string,string,2023-12-17,user@example.com,42209266234,2023-12-17 00:33:55.169645+00:00,管理者ユーザユーザ01,stringstringstringstring,4589945
string,string,2023-12-17,user@example.com,42209266234,2023-12-17 00:33:56.936993+00:00,管理者ユーザユーザ01,stringstringstringstring,4589945
string,string,2023-12-17,user@example.com,46302206995,2023-12-17 00:33:55.605261+00:00,管理者ユーザユーザ01,stringstringstringstring,5218678
string,string,2023-12-17,user@example.com,46302206995,2023-12-17 00:33:55.769074+00:00,管理者ユーザユーザ01,stringstringstringstring,1286833
string,string,2023-12-17,user@example.com,31964353415,2023-12-17 04:57:48.789703+00:00,管理者ユーザユーザ01,stringstringstringstring,9736677
string,string,2023-12-17,user@example.com,31964353415,2023-12-17 04:57:53.307897+00:00,管理者ユーザユーザ01,stringstringstringstring,9736677
string,string,2023-12-17,user@example.com,31964353415,2023-12-17 04:57:53.927979+00:00,管理者ユーザユーザ01,stringstringstringstring,9736677
string,string,2023-12-17,user@example.com,64863213562,2023-12-17 04:58:32.584106+00:00,管理者ユーザユーザ01,stringstringstringstring,6673652
string,string,2023-12-17,user@example.com,64863213562,2023-12-17 04:58:35.057993+00:00,管理者ユーザユーザ01,stringstringstringstring,6673652
string,string,2023-12-17,user@example.com,64863213562,2023-12-17 04:58:35.669461+00:00,管理者ユーザユーザ01,stringstringstringstring,6673652
